{"initial_reset_timestamp": 1597741537.8312733, "timestamps": [1597741540.5430572], "episode_lengths": [90], "episode_rewards": [-7.68278709984365], "episode_types": ["t"]}