{"initial_reset_timestamp": 1593695469.5384548, "timestamps": [1593695472.186407], "episode_lengths": [50], "episode_rewards": [-11.663096397213202], "episode_types": ["t"]}