{"initial_reset_timestamp": 1593695961.1807842, "timestamps": [1593695962.0826557], "episode_lengths": [50], "episode_rewards": [-7.350060932844421], "episode_types": ["t"]}