{"initial_reset_timestamp": 1593695680.4473062, "timestamps": [1593695681.3011134], "episode_lengths": [50], "episode_rewards": [-11.493426889174991], "episode_types": ["t"]}